parameter,value
X1,1199.8981587935193
X2,-4.9818718449575154
X3,131.30266158772864
X4,1.9991353171469108
NSE,-0.07376039998178929
